domain	score	title	catatan	sumber	pertama_terlihat
batamtoto.vip	12	batamtoto â Sportsbook, Slot Online & Live Casino Indonesia	slot online	list:evozifans/judolguard-blocklists	2026-09-30
1win-bet-indonesia.com	10	1Win - Kasino Online dan Bandar Taruhan di Indonesia | Situs Resmi	sweet bonanza	list:evozifans/judolguard-blocklists	2026-09-30
1win-live-betting-india.click	10	1Win India Official - Casino & Betting in India | Get 500% Bonus	sweet bonanza	list:evozifans/judolguard-blocklists	2026-09-30
1win-live-india.click	10	1Win India Official - Casino & Betting in India | Get 500% Bonus	sweet bonanza	list:evozifans/judolguard-blocklists	2026-09-30
asia-sp.in	10	1Win India Official - Casino & Betting in India | Get 500% Bonus	sweet bonanza	list:evozifans/judolguard-blocklists	2026-09-30
16wajibslot.org	9	WAJIBSLOT | Platform Resmi Game Online Terbaik Yang High Quality	togel	list:evozifans/judolguard-blocklists	2026-09-30
1alexistoto.com	9	ALEXISTOTO : Situs Official Login & Daftar Alexis Toto Online Resmi	togel	list:evozifans/judolguard-blocklists	2026-09-30
bcb88ong.com	9	BCB88 Malaysia | Malaysia Trusted and Biggest Online Casino Platform | Welcome Bonus and Free Bonus	link alternatif	list:evozifans/judolguard-blocklists	2026-09-30
91dewatip.com	8	91DEWA - WEBSITE ONLINE GAMING TERPERCAYA DI INDONESIA	togel	list:evozifans/judolguard-blocklists	2026-09-30
apigacor88.com	8	APIGACOR88 Gak Perlu Ribet, Langsung Main dan Nikmatin Sensasinya	link alternatif	list:evozifans/judolguard-blocklists	2026-09-30
asia-community.com	8	SUTRATOTO - Situs Deposit QRIS & Login Tercepat di Indonesia	togel	list:evozifans/judolguard-blocklists	2026-09-30
bandarkoitoto.com	8	KOITOTO | Akses Bandar Toto Macau 4D Resmi Keluaran Angka Paling Akurat Hari Ini	bonus new member	list:evozifans/judolguard-blocklists	2026-09-30
bandartotortp.com	8	BANDARTOTO | Platform Game Resmi Link Online Slot Super Gacor Premium & Akses Login Bermain Disini	gacor	list:evozifans/judolguard-blocklists	2026-09-30
logintoto1000.com	8	TOTO1000 » Situs i-Gaming Bola Dan Toto Online Terlengkap se-Indonesia	togel	list:evozifans/judolguard-blocklists	2026-09-30
11tbet.fun	7	11TBET - Mesin slot online terpercaya, dealer langsung, perusahaan taruhan olahraga online	slot online	list:evozifans/judolguard-blocklists	2026-09-30
11tbet22a.top	7	11TBET - Mesin slot online terpercaya, dealer langsung, perusahaan taruhan olahraga online	slot online	list:evozifans/judolguard-blocklists	2026-09-30
11tbet22i.top	7	11TBET - Mesin slot online terpercaya, dealer langsung, perusahaan taruhan olahraga online	slot online	list:evozifans/judolguard-blocklists	2026-09-30
11tbet22o.top	7	11TBET - Mesin slot online terpercaya, dealer langsung, perusahaan taruhan olahraga online	slot online	list:evozifans/judolguard-blocklists	2026-09-30
11tbet22p.top	7	11TBET - Mesin slot online terpercaya, dealer langsung, perusahaan taruhan olahraga online	slot online	list:evozifans/judolguard-blocklists	2026-09-30
11tbet22t.top	7	11TBET - Mesin slot online terpercaya, dealer langsung, perusahaan taruhan olahraga online	slot online	list:evozifans/judolguard-blocklists	2026-09-30
11tbet22u.top	7	11TBET - Mesin slot online terpercaya, dealer langsung, perusahaan taruhan olahraga online	slot online	list:evozifans/judolguard-blocklists	2026-09-30
11tbet22y.top	7	11TBET - Mesin slot online terpercaya, dealer langsung, perusahaan taruhan olahraga online	slot online	list:evozifans/judolguard-blocklists	2026-09-30
66kbet.co	7	66KBET - Mesin slot online terpercaya, dealer langsung, perusahaan taruhan olahraga online	slot online	list:evozifans/judolguard-blocklists	2026-09-30
66kbet222t.cc	7	66KBET - Mesin slot online terpercaya, dealer langsung, perusahaan taruhan olahraga online	slot online	list:evozifans/judolguard-blocklists	2026-09-30
adukgacor.id	7	Nasi Aduk Sambal Gacor	gacor	list:evozifans/judolguard-blocklists	2026-09-30
alexistogeljp.com	7	ALEXISTOGEL: Bandar Toto Macau Terpercaya dengan Prediksi Situs Toto Terpercaya dan Pasaran Terlengkap 2026	situs toto	list:evozifans/judolguard-blocklists	2026-09-30
amppelangitoto888.com	7	Pelangitoto888 : PELANGITOTO888	togel	list:evozifans/judolguard-blocklists	2026-09-30
astreabetfun.com	7	Astreabet x Situs Game Online Resmi Terlengkap & Bonus Eksklusif	togel	list:evozifans/judolguard-blocklists	2026-09-30
astreabetnew.com	7	Astreabet x Situs Game Online Resmi Terlengkap & Bonus Eksklusif	togel	list:evozifans/judolguard-blocklists	2026-09-30
astreabetwin.com	7	Astreabet x Situs Game Online Resmi Terlengkap & Bonus Eksklusif	togel	list:evozifans/judolguard-blocklists	2026-09-30
bandar8090.com	7	BANDAR80 - Login Situs Resmi, Daftar Mudah & Link Alternatif Terbaru	link alternatif	list:evozifans/judolguard-blocklists	2026-09-30
bandartotoniaga.com	7	BANDARTOTO - AGEN RESMI PIONEER TERPERCAYA | Download APK BANDARTOTO Disini	judi online	list:evozifans/judolguard-blocklists	2026-09-30
1000persen.win	6	TOTO1000 » Situs i-Gaming Bola Dan Toto Online Terlengkap se-Indonesia	togel	list:evozifans/judolguard-blocklists	2026-09-30
17promax2tbganyicil.pages.dev	6	BOLA SLOT - Main Judi Bola & Slot Maxwin Dibayar Tunai Dadakan	maxwin	list:evozifans/judolguard-blocklists	2026-09-30
24hitomi-marzuki-otonomi-wirazama.pages.dev	6	Situs Rahasia Kesuksesan Penting Platform Online Link Alternatif Resmi Login Terbaru	link alternatif	list:evozifans/judolguard-blocklists	2026-09-30
62harum.com	6	Situs resmi TOGEL62: Tempat bermain game online yang aman dan terpercaya	togel	list:evozifans/judolguard-blocklists	2026-09-30
akunviptoto12.info	6	AKUN VIP STORE	gacor	list:evozifans/judolguard-blocklists	2026-09-30
alexisxirae.com	6	ALEXISTOGEL | Trusted Toto Togel 4D Information Hub	togel	list:evozifans/judolguard-blocklists	2026-09-30
apelbetjoss.com	6	APELBET | Promo Nyata Situs Game Online Gratis Layanan Maksimal Terbaru 2026	link alternatif	list:evozifans/judolguard-blocklists	2026-09-30
api-lx.com	6	API LX | Casino API Infrastructure	gates of olympus	list:evozifans/judolguard-blocklists	2026-09-30
arab-777.com	6	ARAB777: Link Resmi Situs Top Up Game Dengan Apk Ringan	link alternatif	list:evozifans/judolguard-blocklists	2026-09-30
arkadacasino7.com	6	Arkada Casino — официальный сайт, зеркало и каталог игр	gates of olympus	list:evozifans/judolguard-blocklists	2026-09-30
bebtesgacor27.store	6	NEW SCATTER MAHJONG WAYS x1000 hanya di BEBTOTO	gacor	list:evozifans/judolguard-blocklists	2026-09-30
bebtesgacor28.store	6	NEW SCATTER MAHJONG WAYS x1000 hanya di BEBTOTO	gacor	list:evozifans/judolguard-blocklists	2026-09-30
becekwinvip-akses.pages.dev	6	BECEKWIN - Jembatan Bermain Slot Online Akses Cepat, Sistem Ringan, Dan Tampilan Modern	slot online	list:evozifans/judolguard-blocklists	2026-09-30
koitoto-hemat.com	6	KOITOTO | Akses Bandar Toto Macau 4D Resmi Keluaran Angka Paling Akurat Hari Ini	link alternatif	list:evozifans/judolguard-blocklists	2026-09-30
3dpdfconsortium.org	5	Kpktoto > Bo Togel Resmi Dengan Layanan Depo Mudah Dan Cepat	togel	list:evozifans/judolguard-blocklists	2026-09-30
55launcher.org	5	TOTO55 » Login Game Bola Online dan Link Toto Resmi via APK Mobile	togel	list:evozifans/judolguard-blocklists	2026-09-30
adsku1-dewi11.com	5	DEWI11 Situs Online untuk Jelajahi Berbagai Game Resmi	link alternatif	list:evozifans/judolguard-blocklists	2026-09-30
ajudanbandot.com	5	RAJABANDOT 🧭 Link Situs Toto Macau dengan Pasaran Terlengkap dan Mudah Diakses	situs toto	list:evozifans/judolguard-blocklists	2026-09-30
aksescolok.com	5	COLOKSGP | LINK ALTERNATIF AMAN	link alternatif	list:evozifans/judolguard-blocklists	2026-09-30
alexisistanbul.com	5	ALEXISTOGEL : Akses Terbaru Bandar Toto Togel Online Buku Data Keluaran Akurat 2026	togel	list:evozifans/judolguard-blocklists	2026-09-30
harta-bucuresti.com	5	HOKI178 Tempat Pilih Menus Gacor Favorit Para Member Dengan Akses Bermain Terbaik	gacor	list:evozifans/judolguard-blocklists	2026-09-30
jepor.org	5	JEPOR987 Melihat Survival Game dari Masa ke Masa di Era Digital untuk komunitas pemain di era	maxwin	list:evozifans/judolguard-blocklists	2026-09-30
16sarang188.com	4	Sarang188 : Situs Taruhan Judi Bola Partner Resmi Piala Dunia 2026	togel	list:evozifans/judolguard-blocklists	2026-09-30
aboutceriabet77.xyz	4	CERIABET ðµ Berita Informasi Tentang Ceriabet Terkini Dan Terlengkap 2026	rtp slot	list:evozifans/judolguard-blocklists	2026-09-30
adsraga-dewi11.com	4	DEWI11 Bawa Game Online Ke Gaya Baru Yang Lebih Fleksibel Untuk Dicoba	gacor	list:evozifans/judolguard-blocklists	2026-09-30
adssor-jagoledak.com	4	Jagoledak Menghadirkan Event Menarik Dan Bonus Menguntungkan Setiap Hari	slot online	list:evozifans/judolguard-blocklists	2026-09-30
alexismilan.com	4	ALEXISTOGEL ⚡️ Bandar Toto Macau Terpercaya Prediksi 4D Jitu	togel	list:evozifans/judolguard-blocklists	2026-09-30
rtpmw138.vip	4	MAHJONGWIN138 : Platform Main Mahjong Viral Jaman Now Akses Resmi Tanpa Lag	link alternatif	list:evozifans/judolguard-blocklists	2026-09-30
aftertheharvestkc.org	3	Main Di MAXWIN288 Dan Rasakan Panen Kemenangan Besar Pasti Bayar	link alternatif	list:evozifans/judolguard-blocklists	2026-09-30
ampthebest-sofabet88.com	3	SOFABET88: Pusat Hiburan Dengan Koleksi Game Online Terlengkap Di Server Indonesia	link alternatif	list:evozifans/judolguard-blocklists	2026-09-30
alt888slot.com	2	Attention Required! | Cloudflare	dilindungi anti-bot (HTTP 403)	list:evozifans/judolguard-blocklists	2026-09-30
altogelpasti.xyz	2	Forbidden	dilindungi anti-bot (HTTP 403)	list:evozifans/judolguard-blocklists	2026-09-30
altogelreds.lol	2	Forbidden	dilindungi anti-bot (HTTP 403)	list:evozifans/judolguard-blocklists	2026-09-30
areaslots.com	2	Just a moment...	dilindungi anti-bot (HTTP 403)	list:evozifans/judolguard-blocklists	2026-09-30
arwanatotologin.com	2	Just a moment...	dilindungi anti-bot (HTTP 403)	list:evozifans/judolguard-blocklists	2026-09-30
belajarcasino.com	2		dilindungi anti-bot (HTTP 403)	list:evozifans/judolguard-blocklists	2026-09-30
bolaslot88go.net	2	Just a moment...	dilindungi anti-bot (HTTP 403)	list:evozifans/judolguard-blocklists	2026-09-30
caricvtogel.pro	2	Attention Required! | Cloudflare	dilindungi anti-bot (HTTP 403)	list:evozifans/judolguard-blocklists	2026-09-30
cendanatoto168.com	2	Just a moment...	dilindungi anti-bot (HTTP 403)	list:evozifans/judolguard-blocklists	2026-09-30
demopragmaticslot.co	2	Just a moment...	dilindungi anti-bot (HTTP 403)	list:evozifans/judolguard-blocklists	2026-09-30
kapital-slot.com	2	Just a moment...	dilindungi anti-bot (HTTP 403)	list:evozifans/judolguard-blocklists	2026-09-30
linkslotdemopg.com	2	Just a moment...	dilindungi anti-bot (HTTP 403)	list:evozifans/judolguard-blocklists	2026-09-30
megasloto-login.com	2	Just a moment...	dilindungi anti-bot (HTTP 403)	list:evozifans/judolguard-blocklists	2026-09-30
nasa-toto.com	2	Just a moment...	dilindungi anti-bot (HTTP 403)	list:evozifans/judolguard-blocklists	2026-09-30
oriontotocops.site	2	Just a moment...	dilindungi anti-bot (HTTP 403)	list:evozifans/judolguard-blocklists	2026-09-30
pai-togel.com	2	Just a moment...	dilindungi anti-bot (HTTP 403)	list:evozifans/judolguard-blocklists	2026-09-30
rtp-maxwin.vip	2	Just a moment...	dilindungi anti-bot (HTTP 403)	list:evozifans/judolguard-blocklists	2026-09-30
rtpgacormeongtoto.space	2	403 Forbidden	dilindungi anti-bot (HTTP 403)	list:evozifans/judolguard-blocklists	2026-09-30
sesetoto4d.co	2	Just a moment...	dilindungi anti-bot (HTTP 403)	list:evozifans/judolguard-blocklists	2026-09-30
sesetotoaman.fit	2	Just a moment...	dilindungi anti-bot (HTTP 403)	list:evozifans/judolguard-blocklists	2026-09-30
sesetotodua.us	2	Just a moment...	dilindungi anti-bot (HTTP 403)	list:evozifans/judolguard-blocklists	2026-09-30
sesetotohappy.ink	2	Just a moment...	dilindungi anti-bot (HTTP 403)	list:evozifans/judolguard-blocklists	2026-09-30
syairtogelx.com	2	Just a moment...	dilindungi anti-bot (HTTP 403)	list:evozifans/judolguard-blocklists	2026-09-30
888slot.beauty	0		domain hidup tapi halaman tak terjangkau	list:evozifans/judolguard-blocklists	2026-09-30
altogelnavy.cfd	0		domain hidup tapi halaman tak terjangkau	list:evozifans/judolguard-blocklists	2026-09-30
ampslot88resmijpa.monster	0		domain hidup tapi halaman tak terjangkau	list:evozifans/judolguard-blocklists	2026-09-30
jmtoto.vip	0		domain hidup tapi halaman tak terjangkau	list:evozifans/judolguard-blocklists	2026-09-30
judi6.cfd	0		domain hidup tapi halaman tak terjangkau	list:evozifans/judolguard-blocklists	2026-09-30
koitoto-eah.com	0		domain hidup tapi halaman tak terjangkau	list:evozifans/judolguard-blocklists	2026-09-30
lineslot88p.site	0		domain hidup tapi halaman tak terjangkau	list:evozifans/judolguard-blocklists	2026-09-30
rtp-sohibslot.com	0		domain hidup tapi halaman tak terjangkau	list:evozifans/judolguard-blocklists	2026-09-30
rtpfyptotoresmi.cloud	0		domain hidup tapi halaman tak terjangkau	list:evozifans/judolguard-blocklists	2026-09-30
slotmantapviral.com	0		domain hidup tapi halaman tak terjangkau	list:evozifans/judolguard-blocklists	2026-09-30
