domain	sumber	pertama_terlihat	skor	title
2nagaemas.site	list:evozifans/judolguard-blocklists	2026-09-30	64	NAGAEMAS99 : Agen Slot Online - Agen bola online - Slot Online - Slot Gacor - Togel Online - Deposit pulsa
saiikou.com	list:evozifans/judolguard-blocklists	2026-09-30	59	SLOT777: IDKS Indokasino Link Alternatif Terjamin No#1
jaleobuenosaires.com.ar	list:evozifans/judolguard-blocklists	2026-09-30	58	SUKASLOT88: Agen Slot Online Gacor Hari Ini dengan Daftar Slot Maxwin Slot777
aspengrovemusicstudio.com	list:evozifans/judolguard-blocklists	2026-09-30	57	DINGDONG77 | Situs Slot Gacor Terbaru dengan Pilihan Slot777 dan Slot88 Populer
bangkoklyndhurst.com	list:evozifans/judolguard-blocklists	2026-09-30	57	SBOBET: Link Situs Resmi Agen Judi Bola Online Sbobet88 Asia Mix Parlay 2026
silkroadnola.com	list:evozifans/judolguard-blocklists	2026-09-30	57	GACORBOS88 : Situs Judi Slot Gacor 88 Link Dewa Slot77 Online Terpercaya Hari Ini
389sportbca.com	list:evozifans/judolguard-blocklists	2026-09-30	53	389SPORTS: Situs Slot Online Gacor, Agen SBOBET & Live Casino Online Terpercaya
bdhoki88won.click	list:evozifans/judolguard-blocklists	2026-09-30	53	BDHOKI88: Link Daftar Terbaru Slot Online Akses Ekslusif Slot88 Hoki
themulholland.com	list:evozifans/judolguard-blocklists	2026-09-30	53	CLICKBET88: Link Hit Situs Slot Online Gacor Hari Ini Gampang Menang Banjir Maxwin Terbaru
awslot777rezeki1.site	list:evozifans/judolguard-blocklists	2026-09-30	49	AWSLOT777 - Layanan Apk Terbaru Support Berbagai Macam Gadget Yang Wajib Dimainkan
koitoto-elit.com	list:evozifans/judolguard-blocklists	2026-09-30	49	KOITOTO : Link Alternatif Bandar Togel Online dengan Situs Toto Terpercaya Se-Asia
koitoto-lat.com	list:evozifans/judolguard-blocklists	2026-09-30	49	KOITOTO : Link Alternatif Bandar Togel Online dengan Situs Toto Terpercaya Se-Asia
bawree.com	list:evozifans/judolguard-blocklists	2026-09-30	48	IDN Slot 777 - Link Slot Gacor Gaming RTP Tertinggi 2026 & Situs Terbaik, Terbaru!
alternatifairbet88pro6.xyz	list:evozifans/judolguard-blocklists	2026-09-30	47	AIRBET88: Situs Slot Gacor Maxwin Gampang Menang Link Slot88 Resmi Viral
alternatifairbet88pro7.xyz	list:evozifans/judolguard-blocklists	2026-09-30	47	AIRBET88: Situs Slot Gacor Maxwin Gampang Menang Link Slot88 Resmi Viral
redsquarechess.com	list:evozifans/judolguard-blocklists	2026-09-30	47	BOM88 : Budaya Memahami Trik Bermain Melalui Link Gacor Saat Ini
vinosbarona.com	list:evozifans/judolguard-blocklists	2026-09-30	47	PANEN88: Situs Gacor Link Slot Gacor Modal Bet Kecil Gampang Banget Jackpot Hari ini
alexisvelocity.com	list:evozifans/judolguard-blocklists	2026-09-30	45	ALEXISTOGEL | Petuah Situs Slot Gacor Online Serta Pola Maxwin SLOT88 Resmi
balik-lagi-nih.pages.dev	list:evozifans/judolguard-blocklists	2026-09-30	45	IDAMANTOTO # Agen Situs Slot Gacor Online Bandar Togel Toto 4D Lisensi Resmi Slot777 Terpercaya Hari Ini
bebtoto.com	list:evozifans/judolguard-blocklists	2026-09-30	45	Bebtoto Situs Slot Online Toto 4D dan Bandar Casino Terlengkap Deposit 5000 Dengan Dana Atau QRIS Lebih Mudah
superslotdemo.com	list:evozifans/judolguard-blocklists	2026-09-30	44	Simulate Pragmatic Play Demo Slot Online Gacor & Gratis Main Demo PG Soft Bebas Lag
adspro2-bewokwin.com	list:evozifans/judolguard-blocklists	2026-09-30	43	BEWOKWIN Bocoran Slot Gacor Deposit Dana Tanpa Potongan
alexistogel.com	list:evozifans/judolguard-blocklists	2026-09-30	42	ALEXISTOGEL Situs Game Online x Course
istana8.net	list:evozifans/judolguard-blocklists	2026-09-30	42	ISTANASLOT - Situs Slot Online Dan Toto Slot Gacor Gampang Menang
abasjitu0a.com	list:evozifans/judolguard-blocklists	2026-09-30	41	ABASTOTO : HK Pools dan SDY Pools Terpercaya, Situs Slot & Togel Online Terpercaya dengan Akses Super Cepat di indonesia
abelrentacar.com	list:evozifans/judolguard-blocklists	2026-09-30	41	Token4D Situs Slot Online Terbaik dengan Bonus New Member 100%
akses4mw168.shop	list:evozifans/judolguard-blocklists	2026-09-30	41	MEGAWIN168 : Situs Slot Gacor Malam ini Link Slot88 MEGAWIN Online Gampang Maxwin
becekwinklz.blog	list:evozifans/judolguard-blocklists	2026-09-30	41	BECEKWIN: Alternatif Slot Gacor Jackpot Super Scatter Gampang Menang
ajudangalaxyy88.com	list:evozifans/judolguard-blocklists	2026-09-30	40	AJUDAN88 : Server Taruhan Online Dengan Winrate RTP 98% Gacor
alexisokayama.com	list:evozifans/judolguard-blocklists	2026-09-30	40	ALEXISTOGEL Situs Game Online x Course
alexissapporo.com	list:evozifans/judolguard-blocklists	2026-09-30	40	ALEXISTOGEL Situs Game Online x Course
alxvgs.pro	list:evozifans/judolguard-blocklists	2026-09-30	40	Alexavegas : Situs Casino Online, Casino, dan Live Casino Terpercaya | Alexavegas
88jackpot-situs.online	list:evozifans/judolguard-blocklists	2026-09-30	39	88jackpot – Platform Judi Slot Online Terpercaya untuk Bisnis Hiburan Digital Terbaik di Indonesia
88jackpotsitus.xyz	list:evozifans/judolguard-blocklists	2026-09-30	39	88jackpot – Platform Judi Slot Online Terpercaya untuk Bisnis Hiburan Digital Terbaik di Indonesia
becekwinklz.org	list:evozifans/judolguard-blocklists	2026-09-30	39	BECEKWIN | SLOT88 Daftar Situs Slot Gacor Mudah Maxwin Anti Kalah Provider Terbaik
slotdemolari.com	list:evozifans/judolguard-blocklists	2026-09-30	39	Pragmatic Play Demo Sweet Bonanza Super Scatter Akun Demo Gratis X5000 Versi Rupiah
westriketogether.org	list:evozifans/judolguard-blocklists	2026-09-30	39	MAXWIN138: Situs Slot Gacor Dengan APK Slot777 Resmi Populer
100hokibet228.site	list:evozifans/judolguard-blocklists	2026-09-30	38	Hokibet228: Situs Judi Bola, Slot Gacor & Togel Online Resmi
arjuna138.org	list:evozifans/judolguard-blocklists	2026-09-30	38	ARJUNA138 : Platform Link Alternatif Resmi Game Online Terpercaya
luk4de.online	list:evozifans/judolguard-blocklists	2026-09-30	38	LUK4D: Login Aman Togel Online 4D & Slot Online Pasti Bayar Lunas 100%
api66-jackpot.pages.dev	list:evozifans/judolguard-blocklists	2026-09-30	37	API66 - Situs Slot Gacor Resmi & Terpercaya di Indonesia
arwana-amp.com	list:evozifans/judolguard-blocklists	2026-09-30	37	ARWANATOTO | Situs Gaming Online Terpercaya di Indonesia
bantaitogelmaju.com	list:evozifans/judolguard-blocklists	2026-09-30	37	BANTAITOGEL - Platform Tempat Bermain Toto Slot Online Tepercaya Solusi Terbaik untuk Hiburan Digital
bantaitogelmeta.com	list:evozifans/judolguard-blocklists	2026-09-30	37	BANTAITOGEL - Platform Tempat Bermain Toto Slot Online Tepercaya Solusi Terbaik untuk Hiburan Digital
kangtotoberjaya.biz	list:evozifans/judolguard-blocklists	2026-09-30	37	KANGTOTO: Arena Game Online dengan Pilihan Permainan yang Lengkap Terbaru
88jackpotasli.website	list:evozifans/judolguard-blocklists	2026-09-30	36	88jackpot – Platform Judi Slot Online Terpercaya untuk Bisnis Hiburan Digital Terbaik di Indonesia
alexisvenati.com	list:evozifans/judolguard-blocklists	2026-09-30	36	ALEXISTOGEL ~ JALUR ALTERNATIF AKSES SITUS AGEN SLOT GACOR RESMI TERFAVORIT
altjasaparlay.digital	list:evozifans/judolguard-blocklists	2026-09-30	36	JASAPARLAY: Situs Judi Bola Resmi & Agen Piala Dunia 2026
batik77senyum.com	list:evozifans/judolguard-blocklists	2026-09-30	36	BATIK77 - Platform Slot Online Kekinian Situs Batik77 Membawa Pengalaman Maxwin Tahun 2026
alexisregen.com	list:evozifans/judolguard-blocklists	2026-09-30	35	ALEXISTOGEL : Situs Slot Gacor Tebaik Dengan Server Thailand Pragmatic 2026
altogel.work	list:evozifans/judolguard-blocklists	2026-09-30	35	ALTOGEL LINK ALTERNATIF GAME ONLINE TERBESAR TERPERCAYA
becekwinjkt.site	list:evozifans/judolguard-blocklists	2026-09-30	35	BECEKWIN: Alternatif Slot Gacor Jackpot Super Scatter Gampang Menang
becekwinptr.space	list:evozifans/judolguard-blocklists	2026-09-30	35	BECEKWIN: Alternatif Slot Gacor Jackpot Super Scatter Gampang Menang
judi-toto.net	list:evozifans/judolguard-blocklists	2026-09-30	35	JUDITOTO: Link Alternatif Judi Toto Terbaru Dan Terlengkap No.1 Indonesia
koitoto-sempurna.com	list:evozifans/judolguard-blocklists	2026-09-30	35	KOITOTO | Situs Toto Slot Gacor Hari Ini & Bandar Slot Online Terbaik Gampang Menang
masterbristle.online	list:evozifans/judolguard-blocklists	2026-09-30	35	Moli77 - Login Bandar Game Online Super Gacor Terbaik #1 Saat Ini
slot161cuan.top	list:evozifans/judolguard-blocklists	2026-09-30	35	SLOT161 : Daftar Situs Slot88 Resmi Online Serta Agen Taruhan Online Terpercaya
sohibslot.dev	list:evozifans/judolguard-blocklists	2026-09-30	35	SOHIBSLOT - Situs Resmi Toto Slot Serta Bandar Togel Online 4D
7mpialadunia.store	list:evozifans/judolguard-blocklists	2026-09-30	34	7meter - Agen Taruhan Judi Bola SBOBET Online Terpercaya
88menangjudi.live	list:evozifans/judolguard-blocklists	2026-09-30	34	Menangjudi di Slot Online Terbaik Sambil Menikmati Pengalaman Restoran dan Bar Khas Amerika yang Mewah seperti Main Stre
atlas77original.lol	list:evozifans/judolguard-blocklists	2026-09-30	34	Atlas77 Hadirkan Pengalaman Slot Gacor Terbaik Sambil Menikmati Sajian Kuliner Lezat ala Eggheads Restaurant yang Menggu
newbrunswickbuses.com	list:evozifans/judolguard-blocklists	2026-09-30	34	MANTRA88: Situs Gacor Resmi Hari Ini Gampang Jackpot Link Judi Slot88 Online
1121slotcc.com	list:evozifans/judolguard-blocklists	2026-09-30	33	1121SLOT Resmi | Platform Slot Online Terbaik & Terlengkap
1121slotdd.com	list:evozifans/judolguard-blocklists	2026-09-30	33	1121SLOT Resmi | Platform Slot Online Terbaik & Terlengkap
1121slotee.com	list:evozifans/judolguard-blocklists	2026-09-30	33	1121SLOT Resmi | Platform Slot Online Terbaik & Terlengkap
1121slotff.com	list:evozifans/judolguard-blocklists	2026-09-30	33	1121SLOT Resmi | Platform Slot Online Terbaik & Terlengkap
88jackpotresmi.life	list:evozifans/judolguard-blocklists	2026-09-30	33	88jackpot – Platform Judi Slot Online Terpercaya untuk Bisnis Hiburan Digital Terbaik di Indonesia
altogyellows.xyz	list:evozifans/judolguard-blocklists	2026-09-30	33	ALTOGEL LINK ALTERNATIF GAME ONLINE TERBESAR TERPERCAYA
altosilvers.xyz	list:evozifans/judolguard-blocklists	2026-09-30	33	ALTOGEL LINK ALTERNATIF GAME ONLINE TERBESAR TERPERCAYA
b-s303.baby	list:evozifans/judolguard-blocklists	2026-09-30	33	BURSA303 | Agen Permainan Penyedia Game Bola Online, Slot, Casino
demoslotku.top	list:evozifans/judolguard-blocklists	2026-09-30	33	Demo Gacor Pragmaticplay Koleksi Terlengkap & Akun Slot Gacor Gratis Tanpa Deposit dengan Free Spin Unlimited Kemenangan
slotdemomania.com	list:evozifans/judolguard-blocklists	2026-09-30	33	Akun Demo Gacor Super Scatter Hitam Gratis Play Demo Maxwin Pragmatic PG X10000
8kuda4d.com	list:evozifans/judolguard-blocklists	2026-09-30	32	8KUDA4D | 8KUDA 4D : Akses Utama Bandar Judi Bola Sbobet88 & Situs Togel Slot Terbesar Di Indonesia
agen4dbasic.com	list:evozifans/judolguard-blocklists	2026-09-30	32	Agen4d - AGEN4D LINK SITUS 100% JP 🌌
alexaslot138-pkc1.website	list:evozifans/judolguard-blocklists	2026-09-30	32	ALEXASLOT138: Link Akses Premium Bermain Slot Online dengan Sensasi Seru dan Pelayanan Terbaik 2026
alexischicago.com	list:evozifans/judolguard-blocklists	2026-09-30	32	ALEXISTOGEL - Layanan Resmi Link Situs Bandar Togel Toto Macau Online 4D Resmi
all-website.info	list:evozifans/judolguard-blocklists	2026-09-30	32	Situs Live Casino Resmi | Link Togel Online Terpercaya | Agen Slot Online Terlengkap & Terpercaya
bandartogel303live.com	list:evozifans/judolguard-blocklists	2026-09-30	32	VIRAL! BANDARTOGEL303 Kembali Jadi Sorotan Pemain Togel 4D Berkat Pasaran Lengkap dan Koleksi Buku Mimpi Erek erek 2D 3D
bbtn4d.space	list:evozifans/judolguard-blocklists	2026-09-30	32	BBTN4D - Link Alternatif Slot Online Terpercaya Anti Blokir
demoslotvip.one	list:evozifans/judolguard-blocklists	2026-09-30	32	Demo Slot Opera PG Soft 2026 Gratis, Akun Anti Lag Gampang Scatter Hitam
tkpunyaini.site	list:evozifans/judolguard-blocklists	2026-09-30	32	RTP LIVE TEKO777 UPDATE SETIAP HARI DAN BOCORAN SLOT TERGACOR HARI INI
alexistogel.asia	list:evozifans/judolguard-blocklists	2026-09-30	31	ALEXISTOGEL â­ï¸ Original Situs Togel 4D & Slot Gacor Resmi Spesial Slot88 dan Slot777
atlas77.website	list:evozifans/judolguard-blocklists	2026-09-30	31	Atlas77 Hadirkan Pengalaman Slot Gacor Terbaik Sambil Menikmati Sajian Kuliner Lezat ala Eggheads Restaurant yang Menggu
bandarslotonline.it.com	list:evozifans/judolguard-blocklists	2026-09-30	31	LIATOGEL: RTP dan Pola Slot Gacor Hari Ini
kaikoslott.shop	list:evozifans/judolguard-blocklists	2026-09-30	31	Kaikoslot: Link Daftar & Login Situs Pragmatic 2025
ratu5.sbs	list:evozifans/judolguard-blocklists	2026-09-30	31	RATU89 - Situs Official Slot Pragmatic Dan Betting Bola Online Terbaik
ratu7.sbs	list:evozifans/judolguard-blocklists	2026-09-30	31	RATU89 - Situs Official Slot Pragmatic Dan Betting Bola Online Terbaik
ratu8.sbs	list:evozifans/judolguard-blocklists	2026-09-30	31	RATU89 - Situs Official Slot Pragmatic Dan Betting Bola Online Terbaik
107royalsensa.com	list:evozifans/judolguard-blocklists	2026-09-30	30	RoyalSensa Agen Slot Online, Judi Slot, Bandar Slot Terpercaya
agac-clarinette.fr	list:evozifans/judolguard-blocklists	2026-09-30	30	MAXWIN138: Situs Andalan Slot Gacor Malam Hari Ini Resmi Pasti Hoki
amovacare.com	list:evozifans/judolguard-blocklists	2026-09-30	30	SAWER4D : Situs Slot Depo 5k & Slot Deposit 5000 Via Qris Dijamin Gacor!
bernadya138.com	list:evozifans/judolguard-blocklists	2026-09-30	30	Daya138: Slot Gacor Situs 138 Judi Online Gampang Menang #1 Indonesia
adspro3-bewokwin.com	list:evozifans/judolguard-blocklists	2026-09-30	29	BEWOKWIN: Pengalaman Main Game Online Bikin Cinta Setiap Hari
agustoto-17.site	list:evozifans/judolguard-blocklists	2026-09-30	29	AGUSTOTO: Portal Game Online Seru & Pusat Permainan Terlengkap 2026
babe88kerenbgt.online	list:evozifans/judolguard-blocklists	2026-09-30	29	Babe88: Klinik Kecantikan dan Dermatologi Terbaik dengan Jackpot Slot Online Terpercaya untuk Kulit Sehat dan Kemenangan
babe88resmi.space	list:evozifans/judolguard-blocklists	2026-09-30	29	Babe88: Klinik Kecantikan dan Dermatologi Terbaik dengan Jackpot Slot Online Terpercaya untuk Kulit Sehat dan Kemenangan
alexiskobe.com	list:evozifans/judolguard-blocklists	2026-09-30	28	ALEXISTOGEL - Bandar Link Situs Togel Online Resmi Toto Macau 4D 2026
gaza16.cfd	list:evozifans/judolguard-blocklists	2026-09-30	28	GAZA88: Pusat Game Populer & Info Game Mobile Terkini
koitoto-modern.com	list:evozifans/judolguard-blocklists	2026-09-30	28	KOITOTO | Platfrom Resmi Bandar Togel Online & Situs Toto Navigasi Stabil
slotmahjong.club	list:evozifans/judolguard-blocklists	2026-09-30	28	Slot Demo Mahjong Ways 1 2, Pengen Uji Coba PG Soft & Demo Pragmatic Play Akun Gratis Bermain
adsapigacor88.com	list:evozifans/judolguard-blocklists	2026-09-30	27	APIGACOR88 ** Login Cepat Jalur Alternatif Akun VVIP Deposit Pulsa
adsskyu-dewi11.com	list:evozifans/judolguard-blocklists	2026-09-30	27	Dewi11 Pusat Slot Online Gacor, Bocoran Lengkap, Dan Gampang Maxwin
alexisclanchy.com	list:evozifans/judolguard-blocklists	2026-09-30	27	ALEXISTOGEL > Intensitas Utama Situs Bandar Slot Gacor Resmi Kolaborasi Agen Slot88 Viral
amoitoko.com	list:evozifans/judolguard-blocklists	2026-09-30	27	Amoislot - Daftar Situs Game Online Ternama Dan Terpercaya
arwanatoto.com	list:evozifans/judolguard-blocklists	2026-09-30	27	ARWANATOTO | Situs Gaming Online Terpercaya di Indonesia
arwanatoto5d.net	list:evozifans/judolguard-blocklists	2026-09-30	27	ARWANATOTO | Situs Gaming Online Terpercaya di Indonesia
becekwinklz.com	list:evozifans/judolguard-blocklists	2026-09-30	27	Becekwin | Akses Terpercaya Bandar Slot Jackpot Link Alternatif Slot88 Bebas IP
becekwinsdm.org	list:evozifans/judolguard-blocklists	2026-09-30	27	Becekwin | Akses Terpercaya Bandar Slot Jackpot Link Alternatif Slot88 Bebas IP
bolaslotgcr.com	list:evozifans/judolguard-blocklists	2026-09-30	27	BOLASLOT ✈️ Link Alternatif Bola Slot Gacor No.1 Indonesia
alegroforte.lt	list:evozifans/judolguard-blocklists	2026-09-30	26	ALEXISTOGEL â¨ï¸ Akses Layanan Situs Toto Slot Gacor dengan Skema Permainan 4D Hari Ini
alexisgenesis.com	list:evozifans/judolguard-blocklists	2026-09-30	26	ALEXISTOGEL: Link Situs Slot Online Terfavorit 2026 & Slot Gacor Terpercaya Resmi
allritetow.net	list:evozifans/judolguard-blocklists	2026-09-30	26	SBOBET88 » Link Akses Agen SBOBET Resmi Situs Judi Bola Online Mix Parlay Terpercaya
angkabet30020.com	list:evozifans/judolguard-blocklists	2026-09-30	26	ANGKABET => Poros Link Situs Toto Slot Gacor & Agen Togel 4D Terpercaya Resmi 2026
armadatoto005.com	list:evozifans/judolguard-blocklists	2026-09-30	26	Armadatoto | Aplikasi Permainan Daring dengan Akses Mudah dan Praktis
armadatoto006.com	list:evozifans/judolguard-blocklists	2026-09-30	26	Armadatoto | Aplikasi Permainan Daring dengan Akses Mudah dan Praktis
babe88official.lol	list:evozifans/judolguard-blocklists	2026-09-30	26	Babe88: Klinik Kecantikan dan Dermatologi Terbaik dengan Jackpot Slot Online Terpercaya untuk Kulit Sehat dan Kemenangan
babe88terpercaya.space	list:evozifans/judolguard-blocklists	2026-09-30	26	Babe88: Klinik Kecantikan dan Dermatologi Terbaik dengan Jackpot Slot Online Terpercaya untuk Kulit Sehat dan Kemenangan
berkahtoto6.org	list:evozifans/judolguard-blocklists	2026-09-30	26	BerkahToto | Platform Hiburan Terjaya No.1 di Indonesia
bestkaiko.site	list:evozifans/judolguard-blocklists	2026-09-30	26	Kaikoslot: Link Daftar & Login Situs Pragmatic 2025
coastcommunityhealth.org	list:evozifans/judolguard-blocklists	2026-09-30	26	ALEXISTOGEL: Link Situs Slot Online Terfavorit 2026 & Slot Gacor Terpercaya Resmi
daftarternatetoto.it.com	list:evozifans/judolguard-blocklists	2026-09-30	26	Daftar Ternate Toto Online Situs Resmi Platform Slot777 Gacor
loginhk.space	list:evozifans/judolguard-blocklists	2026-09-30	26	HOKIDEWA - Platform Judi Slot Online Resmi Gampang Maxwin
mpo1221resmi.mom	list:evozifans/judolguard-blocklists	2026-09-30	26	MPO1221GG: Mpo Slot 1221 Online, Link Daftar Game Slot & Main Judi Slot Terbaru
wolestogel.com	list:evozifans/judolguard-blocklists	2026-09-30	26	WOLESTOGEL | Alternatif Togel Online Anti Blokir, Akses Ngebut 2026
agustoto-15.site	list:evozifans/judolguard-blocklists	2026-09-30	25	AGUSTOTO: Trik Memanfaatkan Link Login dan Alternatif Daftar untuk Layanan Digital yang Lebih Efisien
alexistogel253.com	list:evozifans/judolguard-blocklists	2026-09-30	25	ALEXISTOGEL : Link Situs Game bandar Togel Online Paling Gacor & Situs Toto Terbaru 2026
araslotsinar88.store	list:evozifans/judolguard-blocklists	2026-09-30	25	ARASLOT | Biggest Online Game 2026
arwana-2d.com	list:evozifans/judolguard-blocklists	2026-09-30	25	ARWANATOTO | Situs Gaming Online Terpercaya di Indonesia
arwana-loyal.net	list:evozifans/judolguard-blocklists	2026-09-30	25	ARWANATOTO | Situs Gaming Online Terpercaya di Indonesia
arwana-wins.org	list:evozifans/judolguard-blocklists	2026-09-30	25	ARWANATOTO | Situs Gaming Online Terpercaya di Indonesia
arwanasquad.com	list:evozifans/judolguard-blocklists	2026-09-30	25	ARWANATOTO | Situs Gaming Online Terpercaya di Indonesia
beauoreilly.com	list:evozifans/judolguard-blocklists	2026-09-30	25	Download 1xBet APK di Android - Aplikasi Mobile 1xBet Indonesia Resmi
thebarretthouse.com	list:evozifans/judolguard-blocklists	2026-09-30	25	Selamat Datang Di CENGLI88 - Situs Judi Slot Online, Bola, Poker Play Fair Customer Ready 24jam
adsyuk-jagoledak.com	list:evozifans/judolguard-blocklists	2026-09-30	24	JAGOLEDAK Menghadirkan Game Online Dengan Permainan Yang Punya Ciri Khas
alexisdoes.com	list:evozifans/judolguard-blocklists	2026-09-30	24	ALEXISTOGEL â¡ï¸ Era Bandar Slot Gacor Permainan Interaktif SLOT88
alexislicker.com	list:evozifans/judolguard-blocklists	2026-09-30	24	ALEXISTOGEL â¡ï¸ Era Bandar Slot Gacor Permainan Interaktif SLOT88
angkabettogel.com	list:evozifans/judolguard-blocklists	2026-09-30	24	ANGKABET > Situs Toto 4D Resmi Dengan Beragam Pilihan Pasaran
barca138g.com	list:evozifans/judolguard-blocklists	2026-09-30	24	BARCA138 - Link Pundit Bola Paling Update Dan Online Setiap Hari
demoslot303.info	list:evozifans/judolguard-blocklists	2026-09-30	24	Akun Demo Slot X20000 Khusus Buat Ketua Kita, PG Soft & Pragmatic PlaY Gacor 2K26
demoslotroma.com	list:evozifans/judolguard-blocklists	2026-09-30	24	Demo Slot Super Scatter Pasti Gacor & Akun PG Soft Tes Saldo 100 rb Demo Pragmatic Pley
layar138as.com	list:evozifans/judolguard-blocklists	2026-09-30	24	LAYAR138 Situs Tempat Anda Bermain Dan Memperoleh Kemenangan
noblearts.net	list:evozifans/judolguard-blocklists	2026-09-30	24	ANGKASA17 : Taman Bermain Game Situs Online Khusus Para Pemain Haus Kemenangan!
ohtogel-wla.online	list:evozifans/judolguard-blocklists	2026-09-30	24	DEWI11 : Provider Slot 5G Games Eksklusif Dengan Pilihan Slot777 Terlengkap
10gopay88.com	list:evozifans/judolguard-blocklists	2026-09-30	23	Gopay88: Rekomendasi Situs Slot Online Terbaik untuk Pemain Indonesia
alexislayan.com	list:evozifans/judolguard-blocklists	2026-09-30	23	ALEXISTOGEL : Link Situs Game bandar Togel Online Paling Gacor & Situs Toto Terbaru 2026
alexisovena.com	list:evozifans/judolguard-blocklists	2026-09-30	23	Alexistogel | Akses Resmi Situs Agen SBOBET & Judi Bola Online Dengan Taruhan Mix Parlay Resmi Berhadiah Tertinggi 2026
alexistogel-jitu.com	list:evozifans/judolguard-blocklists	2026-09-30	23	ALEXISTOGEL âï¸ Akses Jitu Daftar Cepat Situs Bandar Slot Gacor Resmi Hari Ini
alexistogel.plus	list:evozifans/judolguard-blocklists	2026-09-30	23	ALEXISTOGEL âï¸ Akses Jitu Daftar Cepat Situs Bandar Slot Gacor Resmi Hari Ini
alexistogel.pro	list:evozifans/judolguard-blocklists	2026-09-30	23	ALEXISTOGEL â¡ï¸ Matang Situs Togel Slot Gacor & Agen Toto 4D Resmi
amperakeras.com	list:evozifans/judolguard-blocklists	2026-09-30	23	AMPERASLOT - Situs Game Online Pelayanan 24 Jam Nonstop Terpercaya
angkabetangkabet.com	list:evozifans/judolguard-blocklists	2026-09-30	23	ANGKABET ! Legenda Bandar Togel Dengan Cerita Kehidupan Berubah
babe88gemoy.site	list:evozifans/judolguard-blocklists	2026-09-30	23	Babe88: Klinik Kecantikan dan Dermatologi Terbaik dengan Jackpot Slot Online Terpercaya untuk Kulit Sehat dan Kemenangan
babe88sultan.online	list:evozifans/judolguard-blocklists	2026-09-30	23	Babe88: Klinik Kecantikan dan Dermatologi Terbaik dengan Jackpot Slot Online Terpercaya untuk Kulit Sehat dan Kemenangan
bandar36jujur.site	list:evozifans/judolguard-blocklists	2026-09-30	23	Bandar36 - Bandar Slot Gacor 777 Terpercaya & Slot Online Terlengkap
bantaitogelvip.com	list:evozifans/judolguard-blocklists	2026-09-30	23	BANTAITOGEL : VENDOR SITUS TOTO SLOT GACOR DAN TOGEL 4D TERPERCAYA REKOMENDASI ZONA BANGKOK
beststain.com	list:evozifans/judolguard-blocklists	2026-09-30	23	TOTORAWIT â¡ï¸Pencetus Google Jebolan Situs Toto & Slot88 Alternatif Link Pola Jitu
5unsur2ranger.com	list:evozifans/judolguard-blocklists	2026-09-30	22	5Unsur2 Platform Permainan Taruhan Online Terpopuler di Indonesia
8belizeus.top	list:evozifans/judolguard-blocklists	2026-09-30	22	Mainzeus: Situs Zeus Slot Penyedia Gaming Mobile Paling Legit Terbaik Server Internasional Terpercaya
adspro1-bewokwin.com	list:evozifans/judolguard-blocklists	2026-09-30	22	Bewokwin â Saat Jackpot Menggila, Big Win Jadi Cerita
altkenzototo.com	list:evozifans/judolguard-blocklists	2026-09-30	22	KENZOTOTO : Link Login Official Situs Platform Game Online Terpercaya 2026
aparatura-laser.ro	list:evozifans/judolguard-blocklists	2026-09-30	22	IOSBET | Dashboard Terkini Bandar Slot Gacor Terpercaya dengan Update Pola RTP
asli-lucky77.space	list:evozifans/judolguard-blocklists	2026-09-30	22	Lucky77 Slot Gacor Terpercaya Hadirkan Pengalaman Bermain Terbaik Seperti Menikmati Cita Rasa Autentik Kuliner Juarez ya
badak69login.org	list:evozifans/judolguard-blocklists	2026-09-30	22	BADAK69 𓂀 Platform Slot Deposit 10k Stabil
caripttogelnew.com	list:evozifans/judolguard-blocklists	2026-09-30	22	PTTOGEL: Saya Akan Lawan !! Update Link Terbaru Situs Togel 4D Deposit 5K
2ovaslot.com	list:evozifans/judolguard-blocklists	2026-09-30	21	OVASLOT: Cara Memilih Situs Ova Slot Terbaru dan Terpercaya di 2026
338slot1.com	list:evozifans/judolguard-blocklists	2026-09-30	21	338SLOT : Akses Link Login Alternatif Anti Internet Positif Terbaru 2026
alexisflorida.com	list:evozifans/judolguard-blocklists	2026-09-30	21	ALEXISTOGEL âï¸ Situs Slot Gacor Hari Ini Gampang Menang dengan RTP Tinggi Server Thailand Akurat
alexiskyoto.com	list:evozifans/judolguard-blocklists	2026-09-30	21	ALEXISTOGEL + Agen Bandar Slot Online Dengan Rtp Maxwin Terpercaya
alexismania.com	list:evozifans/judolguard-blocklists	2026-09-30	21	ALEXISTOGEL : Link Alternatif Bandar Togel Online Terpercaya Situs 24 Jam Dengan Pasaran Toto Macau Resmi
alexismontreal.com	list:evozifans/judolguard-blocklists	2026-09-30	21	ALEXISTOGEL âï¸ Situs Slot Gacor Hari Ini Gampang Menang dengan RTP Tinggi Server Thailand Akurat
alexisnemesis.com	list:evozifans/judolguard-blocklists	2026-09-30	21	ALEXISTOGEL + Agen Bandar Slot Online Dengan Rtp Maxwin Terpercaya
alexisparis.com	list:evozifans/judolguard-blocklists	2026-09-30	21	ALEXISTOGEL âï¸ Situs Slot Gacor Hari Ini Gampang Menang dengan RTP Tinggi Server Thailand Akurat
alexistyrant.com	list:evozifans/judolguard-blocklists	2026-09-30	21	ALEXISTOGEL + Agen Bandar Slot Online Dengan Rtp Maxwin Terpercaya
alexisumbrella.com	list:evozifans/judolguard-blocklists	2026-09-30	21	ALEXISTOGEL â¡ï¸ Matang Situs Togel Slot Gacor & Agen Toto 4D Resmi
alexisuro.com	list:evozifans/judolguard-blocklists	2026-09-30	21	ALEXISTOGEL + Agen Bandar Slot Online Dengan Rtp Maxwin Terpercaya
alexisvenice.com	list:evozifans/judolguard-blocklists	2026-09-30	21	ALEXISTOGEL âï¸ Situs Slot Gacor Hari Ini Gampang Menang dengan RTP Tinggi Server Thailand Akurat
alexisyokohama.com	list:evozifans/judolguard-blocklists	2026-09-30	21	ALEXISTOGEL : Link Alternatif Bandar Togel Online Terpercaya Situs 24 Jam Dengan Pasaran Toto Macau Resmi
alivedrumming-kiws.pages.dev	list:evozifans/judolguard-blocklists	2026-09-30	21	IMBASLOT 🔥 Tips & Trik Jitu 2026 Untuk Menang Dijamin Bisa Dapet Jackpot!
androbet0526d.com	list:evozifans/judolguard-blocklists	2026-09-30	21	Androbet | Situs Betting Online Terpercaya Di indonesia Menggunakan Uang Asli
annascaul.net	list:evozifans/judolguard-blocklists	2026-09-30	21	ALEXISTOGEL | Link Daftar Aman Platform ALEXIS TOGEL dengan Koleksi Game Terlengkap
behind-the-circle.com	list:evozifans/judolguard-blocklists	2026-09-30	21	VIPBET88 Â» Link Situs Judi Bola Online Mix Parlay Resmi SBOBET88 Asia
judi26.cfd	list:evozifans/judolguard-blocklists	2026-09-30	21	Judi89 news link alternatif main game server indonesia 2026
judi28.cfd	list:evozifans/judolguard-blocklists	2026-09-30	21	Judi89 news link alternatif main game server indonesia 2026
1kawi777.com	list:evozifans/judolguard-blocklists	2026-09-30	20	KAWI777: Main slot777 Modal Receh & Modal Nekat Bisa Jepe Besar Cuma Disini
303maxwinhoki.asia	list:evozifans/judolguard-blocklists	2026-09-30	20	MAXWIN303 : Login Platform Hiburan Digital Terbaik
303maxwinhoki.club	list:evozifans/judolguard-blocklists	2026-09-30	20	MAXWIN303 : Login Platform Hiburan Digital Terbaik
5unsuronly.com	list:evozifans/judolguard-blocklists	2026-09-30	20	5Unsur : Login Link Permainan Taruhan Online Terlengkap dan Terbaik Sepanjang Tahun
alexistogel.promo	list:evozifans/judolguard-blocklists	2026-09-30	20	Slot Gacor Hari Ini : ALEXISTOGEL Link Bandar Slot Online Resmi Terbesar
berapakeluartotomacau.com	list:evozifans/judolguard-blocklists	2026-09-30	20	Toto Macau: Pengeluaran Togel Macau ~ Data Result Macau ~ Keluaran Macau 2026 Hari Ini
demoslotapp.biz	list:evozifans/judolguard-blocklists	2026-09-30	20	Demo Slot Mahjong Pragmatic PG Soft dengan Slot Gratis Simulasi Perkalian & Fitur Wild Bonus Lengkap
inapesisir.shop	list:evozifans/judolguard-blocklists	2026-09-30	20	HMD29TOTO : Daftar Link Slot Depo 5k Pusat Pilihan Deposit 5000 Dana Tujuan Favorit Pemain
41winterslot.com	list:evozifans/judolguard-blocklists	2026-09-30	19	WinterSlot - Login dan Daftar Web Official WinterSlot
42winterslot.com	list:evozifans/judolguard-blocklists	2026-09-30	19	WinterSlot - Login dan Daftar Web Official WinterSlot
alexistogel-resmi.com	list:evozifans/judolguard-blocklists	2026-09-30	19	ALEXISTOGEL â¨ï¸ Layanan Login Daftar Situs Bandar Slot Pragmatic & Slot Pg Soft Sekarang!
alexistogel.news	list:evozifans/judolguard-blocklists	2026-09-30	19	ALEXISTOGEL + Link Alternatif Bandar Togel Online Aman Dengan Prediksi Jitu
arabb4.shop	list:evozifans/judolguard-blocklists	2026-09-30	19	ARAB777 Portal Hiburan Game Online Modern dan Terpopuler
bantaitogelbosbesar.co	list:evozifans/judolguard-blocklists	2026-09-30	19	SITUS BANTAI TOGEL : REKOMENDASI SITUS TOTO TOGEL TERBAIK VERSI ZONA BANGKOK
batam-toto.com	list:evozifans/judolguard-blocklists	2026-09-30	19	BATAMTOTO Pilihan Top! Depo Minimal 5k Akses Link Gacor Mudah Tanpa VPN
bebekslotpro.com	list:evozifans/judolguard-blocklists	2026-09-30	19	BEBEKSLOT - PLATFORM GAME ONLINE TERPOPULER PALING HITS
albaslot137.com	list:evozifans/judolguard-blocklists	2026-09-30	18	ALBASLOT | Platform Slot Online Eksklusif dan Terjamin
alexisbangkok.com	list:evozifans/judolguard-blocklists	2026-09-30	18	ALEXISTOGEL : BANDAR TOGEL X TOTO MACAU X SITUS TOTO TERBAIK 2026
alexisdenver.com	list:evozifans/judolguard-blocklists	2026-09-30	18	ALEXISTOGEL - Daftar Login Bandar Togel Online Resmi Situs Toto Macau 2026
alexistogel.space	list:evozifans/judolguard-blocklists	2026-09-30	18	ALEXISTOGEL â¨ï¸ Link Login Layanan Utama Akses Agen Situs Toto Togel Online Terpercaya Hari Ini
alexistogelogin.com	list:evozifans/judolguard-blocklists	2026-09-30	18	ALEXISTOGEL â¨ï¸ Link Login Layanan Utama Akses Agen Situs Toto Togel Online Terpercaya Hari Ini
alexiswap.com	list:evozifans/judolguard-blocklists	2026-09-30	18	ALEXISTOGEL : Situs Akses Agen Togel Online Resmi & Bandar Toto Macau dengan Data Keluaran Terpercaya
altlondon29.site	list:evozifans/judolguard-blocklists	2026-09-30	18	Londonslot - Program Slot, Toto, Bola, Casino Terbaik Tahun 2025
arab777.diy	list:evozifans/judolguard-blocklists	2026-09-30	18	ARAB777: Platform Game Online Resmi Dengan Target Sensaional
armada777-vip4.autos	list:evozifans/judolguard-blocklists	2026-09-30	18	ARMADA777 : Situs Slot Resmi Hadirkan Banyak Pilihan Game Terbaru
aztec88official.com	list:evozifans/judolguard-blocklists	2026-09-30	18	AZTEC88 – Login dan Link Alternatif Resmi Aztec88 Terbaru 2026
baby-cintya.pages.dev	list:evozifans/judolguard-blocklists	2026-09-30	18	CNNSLOT X ZUBNIORDINACEPARDUBICE.CZ: Login Link Aktuality Slot Gacor Hari Ini Mudah Maxwin 2026
becekwinvip.com	list:evozifans/judolguard-blocklists	2026-09-30	18	BECEKWIN: Togel Online dengan Pools Live & Data Result Terbaru
kaiko-slot.com	list:evozifans/judolguard-blocklists	2026-09-30	18	KAIKOSLOT: Support Sistem Game Online Paling Gampang Akses
afktoto669.com	list:evozifans/judolguard-blocklists	2026-09-30	17	AFKTOTO > Situs Login Togel Online & Slot Online Terlengkap Di Indonesia
aksesmabok88.best	list:evozifans/judolguard-blocklists	2026-09-30	17	MABOK88 | Situs Toto Togel Online Resmi Pilihan Pemain Pasaran HK SGP Macau
al-parnir.pages.dev	list:evozifans/judolguard-blocklists	2026-09-30	17	Yutogel: Link Login Situs Toto Togel & Toto Slot 4d Online Terintegrasi
alexistogel69.com	list:evozifans/judolguard-blocklists	2026-09-30	17	ALEXISTOGEL > Situs Toto Number One Serta Bandar Togel Online dengan Passaran Terlengkap
alparnir.pages.dev	list:evozifans/judolguard-blocklists	2026-09-30	17	Yutogel: Link Login Situs Toto Togel & Toto Slot 4d Online Terintegrasi
altogel.org	list:evozifans/judolguard-blocklists	2026-09-30	17	ALTOGEL.ORG : Situs Game Online Paling Komplit Dengan Link Login Alternatif Resmi
angkabetasli.com	list:evozifans/judolguard-blocklists	2026-09-30	17	ANGKABET # PAKAR LINK TOGEL OLINE RESMI DENGAN STRATEGI SITUS TOTO AKURAT
bbolaslot88.com	list:evozifans/judolguard-blocklists	2026-09-30	17	BOLASLOT88: Akses Utama & Resmi Bola Slot88 Terbaru Antilag
bebsroller01.pages.dev	list:evozifans/judolguard-blocklists	2026-09-30	17	Situs Slot Gacor Resmi Terpercaya
pintuajaib.biz	list:evozifans/judolguard-blocklists	2026-09-30	17	Ada Demo Slot Mahjong PG Soft Gacor Dan Akun Pragmatic Versi Rupiah Gratis Saldo
2ampmegasensa.space	list:evozifans/judolguard-blocklists	2026-09-30	16	MegaSensa Agen Slot Online, Judi Slot, Bandar Slot Terpercaya
adshop-jagoledak.com	list:evozifans/judolguard-blocklists	2026-09-30	16	Jagoledak : Platform Sabung Ayam Terpercaya Dengan Promo Dan Bonus Terbaru
alexisnagoya.com	list:evozifans/judolguard-blocklists	2026-09-30	16	ALEXISTOGEL - Bandar Togel Online x Situs Toto Macau Menang Jackpot 4D Hari Ini 2026
asialive88.pro	list:evozifans/judolguard-blocklists	2026-09-30	16	Asialive88 : Live Casino | Live Dealer Asialive | Agen Casino Online
asialive88bet94.com	list:evozifans/judolguard-blocklists	2026-09-30	16	Asialive88 : Live Casino | Live Dealer Asialive | Agen Casino Online
asialive88cuan.site	list:evozifans/judolguard-blocklists	2026-09-30	16	Asialive88 : Live Casino | Live Dealer Asialive | Agen Casino Online
asialive88cuan.top	list:evozifans/judolguard-blocklists	2026-09-30	16	Asialive88 : Live Casino | Live Dealer Asialive | Agen Casino Online
asialive88tim.website	list:evozifans/judolguard-blocklists	2026-09-30	16	Asialive88 : Live Casino | Live Dealer Asialive | Agen Casino Online
asiansantuy.com	list:evozifans/judolguard-blocklists	2026-09-30	16	ASIANBET77 # Bandar Situs Resmi Taruhan Live Casino Online Jenis Baccarat dan Blackjack
aslisuper88.lol	list:evozifans/judolguard-blocklists	2026-09-30	16	Super88 ~ Ketenangan yang Muncul di Antara Rutinitas Harian
aslisuper88.shop	list:evozifans/judolguard-blocklists	2026-09-30	16	Super88 ~ Ketenangan yang Muncul di Antara Rutinitas Harian
bandar89.app	list:evozifans/judolguard-blocklists	2026-09-30	16	bandar89 Â· Live Casino Tables with DANA OVO Access for Indonesia
bandit4dcr.top	list:evozifans/judolguard-blocklists	2026-09-30	16	BANDIT4D | Demo Slot dengan Volatilitas Terukur untuk Pemain Analitis
dumai-toto.org	list:evozifans/judolguard-blocklists	2026-09-30	16	DUMAITOTO | Situs Toto Gacor Pilihan Masyarakat dengan Desain Ringan dan Ringkas
istana-rtp.store	list:evozifans/judolguard-blocklists	2026-09-30	16	RTP Slot Platform
35livetotobet.xyz	list:evozifans/judolguard-blocklists	2026-09-30	15	LIVETOTOBET Review Permainan Standar Global Privacy and Safety
alexisniigata.com	list:evozifans/judolguard-blocklists	2026-09-30	15	ALEXISTOGEL : Situs Toto Togel Online Toto Macau Terbaru pilihan Bandar Hari Ini
altstartop1.org	list:evozifans/judolguard-blocklists	2026-09-30	15	TOP1TOTO | Tempat Bermain Game Bandar Togel Toto 4D Online
ampsabangjitu1.com	list:evozifans/judolguard-blocklists	2026-09-30	15	SABANGJITU : Situs Slot Terkini Gacor Dan Amp Terbaru Terpercaya
armyslot88.com	list:evozifans/judolguard-blocklists	2026-09-30	15	ARMYSLOT88: Agen Gaming Terbaik Saat Ini Tersedia Beragam Permainan Online Dunia Maya
bandar89.com	list:evozifans/judolguard-blocklists	2026-09-30	15	BANDAR89 - Resmi Berlisensi Agen Toto Slot Terpercaya Hingga 2026
bandar89.shop	list:evozifans/judolguard-blocklists	2026-09-30	15	BANDAR89 - Resmi Berlisensi Agen Toto Slot Terpercaya Hingga 2026
bandar89d.space	list:evozifans/judolguard-blocklists	2026-09-30	15	BANDAR89 - Resmi Berlisensi Agen Toto Slot Terpercaya Hingga 2026
bandartogel303-support.blogspot.com	list:evozifans/judolguard-blocklists	2026-09-30	15	Bandartogel303: Trusted Asia Platform | Erek Erek & Tafsir Mimpi 2D-4D
bongdavecho.com	list:evozifans/judolguard-blocklists	2026-09-30	15	Asian Handicap Betting- Sports Betting by SBOBET
easynusantaracargo.com	list:evozifans/judolguard-blocklists	2026-09-30	15	Asian Handicap Betting- Sports Betting by SBOBET
efisiencepattepat.com	list:evozifans/judolguard-blocklists	2026-09-30	15	Asian Handicap Betting- Sports Betting by SBOBET
hidupberkembangpasti.com	list:evozifans/judolguard-blocklists	2026-09-30	15	Asian Handicap Betting- Sports Betting by SBOBET
hidupmajukaya.com	list:evozifans/judolguard-blocklists	2026-09-30	15	Asian Handicap Betting- Sports Betting by SBOBET
hokiistimewaselalu.com	list:evozifans/judolguard-blocklists	2026-09-30	15	Asian Handicap Betting- Sports Betting by SBOBET
lancarmenangnyata.com	list:evozifans/judolguard-blocklists	2026-09-30	15	Asian Handicap Betting- Sports Betting by SBOBET
langsungmenangselalu.com	list:evozifans/judolguard-blocklists	2026-09-30	15	Asian Handicap Betting- Sports Betting by SBOBET
pastimenangpasti.com	list:evozifans/judolguard-blocklists	2026-09-30	15	Asian Handicap Betting- Sports Betting by SBOBET
pastisuksespasti.com	list:evozifans/judolguard-blocklists	2026-09-30	15	Asian Handicap Betting- Sports Betting by SBOBET
peluangmudah.com	list:evozifans/judolguard-blocklists	2026-09-30	15	Asian Handicap Betting- Sports Betting by SBOBET
prosesjelasrapih.com	list:evozifans/judolguard-blocklists	2026-09-30	15	Asian Handicap Betting- Sports Betting by SBOBET
raihmajuhebat.com	list:evozifans/judolguard-blocklists	2026-09-30	15	Asian Handicap Betting- Sports Betting by SBOBET
rapihcermatjelas.com	list:evozifans/judolguard-blocklists	2026-09-30	15	Asian Handicap Betting- Sports Betting by SBOBET
sejahteraterusmaju.com	list:evozifans/judolguard-blocklists	2026-09-30	15	Asian Handicap Betting- Sports Betting by SBOBET
selalumajuterus.com	list:evozifans/judolguard-blocklists	2026-09-30	15	Asian Handicap Betting- Sports Betting by SBOBET
selalumenangsukses.com	list:evozifans/judolguard-blocklists	2026-09-30	15	Asian Handicap Betting- Sports Betting by SBOBET
selalusukseshebat.com	list:evozifans/judolguard-blocklists	2026-09-30	15	Asian Handicap Betting- Sports Betting by SBOBET
semangatcerahselalu.com	list:evozifans/judolguard-blocklists	2026-09-30	15	Asian Handicap Betting- Sports Betting by SBOBET
terusunggulpasti.com	list:evozifans/judolguard-blocklists	2026-09-30	15	Asian Handicap Betting- Sports Betting by SBOBET
terusuntungmantap.com	list:evozifans/judolguard-blocklists	2026-09-30	15	Asian Handicap Betting- Sports Betting by SBOBET
top1mantul.com	list:evozifans/judolguard-blocklists	2026-09-30	15	TOP1TOTO | Tempat Bermain Game Bandar Togel Toto 4D Online
toto33new.com	list:evozifans/judolguard-blocklists	2026-09-30	15	TOTO33 » Link Login Aman Terbaru - Akses Situs Toto Resmi
untungamanpasti.com	list:evozifans/judolguard-blocklists	2026-09-30	15	Asian Handicap Betting- Sports Betting by SBOBET
untungcepatjelas.com	list:evozifans/judolguard-blocklists	2026-09-30	15	Asian Handicap Betting- Sports Betting by SBOBET
666f-navi.com	list:evozifans/judolguard-blocklists	2026-09-30	14	666F - 666F apk - 666F download - Situs Slot Online Terpercaya di Indonesia
666f.com	list:evozifans/judolguard-blocklists	2026-09-30	14	666F - 666F apk - 666F download - Situs Slot Online Terpercaya di Indonesia
666fnavi.com	list:evozifans/judolguard-blocklists	2026-09-30	14	666F - 666F apk - 666F download - Situs Slot Online Terpercaya di Indonesia
6kpkgg.com	list:evozifans/judolguard-blocklists	2026-09-30	14	SELAMAT DATANG DI SITUS RESMI KPKGG
7777w.win	list:evozifans/judolguard-blocklists	2026-09-30	14	7777w - 7777w apk - 7777w download -- Situs Slot Online Terpercaya di Indonesia
888r.com	list:evozifans/judolguard-blocklists	2026-09-30	14	888R - 888R apk - 888R download - Situs Slot Online Terpercaya di Indonesia
888rnavi.com	list:evozifans/judolguard-blocklists	2026-09-30	14	888R - 888R apk - 888R download - Situs Slot Online Terpercaya di Indonesia
a7777.com	list:evozifans/judolguard-blocklists	2026-09-30	14	A7777.com - Situs Slot Online Terpercaya di Indonesia
a7777navi.com	list:evozifans/judolguard-blocklists	2026-09-30	14	A7777.com - Situs Slot Online Terpercaya di Indonesia
akungacorr.online	list:evozifans/judolguard-blocklists	2026-09-30	14	TOTO12 Situs Resmi Slot Gacor di Dunia Indonesia
alexismacau123d.vip	list:evozifans/judolguard-blocklists	2026-09-30	14	ALEXISTOGEL > Link Situs Bandar Togel Online Untuk Akses Data Toto Macau 5D Terbaru
alexismacau45d.vip	list:evozifans/judolguard-blocklists	2026-09-30	14	ALEXISTOGEL > Link Situs Bandar Togel Online Untuk Akses Data Toto Macau 5D Terbaru
alexissaddler.com	list:evozifans/judolguard-blocklists	2026-09-30	14	ALEXISTOGEL > Link Adventure Akses Situs Bandar Togel Online & Toto 4D Deposit 5K
alexistogel63.com	list:evozifans/judolguard-blocklists	2026-09-30	14	ALEXISTOGEL â¨ï¸ Akses Layanan Spesial Situs SBOBET Resmi Agen Bola Online Terbaru 2026
amprubikslot.com	list:evozifans/judolguard-blocklists	2026-09-30	14	Rubikslot >> Link Game Slot Gacor Extra Bonus Member Baru 100% Paling Lengkap
angsa4d.org	list:evozifans/judolguard-blocklists	2026-09-30	14	ANGSA4D Community! Bergabung dengan Jutaan Gamer Aktif Indonesia
apkjayaslot.app	list:evozifans/judolguard-blocklists	2026-09-30	14	apk jayaslot - Slots & Live Casino - QRIS DANA OVO - Indonesia
arwanatotoplay.net	list:evozifans/judolguard-blocklists	2026-09-30	14	ARWANATOTO PLAY - Live Togel Online Aman dan Andal
babe88ace.shop	list:evozifans/judolguard-blocklists	2026-09-30	14	BABE88: Situs Game Terbaik & Game Hadiah Online Populer
babe88cuanz.online	list:evozifans/judolguard-blocklists	2026-09-30	14	BABE88: Situs Game Terbaik & Game Hadiah Online Populer
besti69s.com	list:evozifans/judolguard-blocklists	2026-09-30	14	BESTI69: Situs Toto Tebak Angka & Permainan susun nomor 4d Resmi Terpercaya
ohtogel-co.us	list:evozifans/judolguard-blocklists	2026-09-30	14	OHTOGEL: Platform CO Situs Togel Toto Macau Resmi Menang Terus
trisakti88.org	list:evozifans/judolguard-blocklists	2026-09-30	14	TRISAKTI88: Most Trusted 365 Days Free Credit Online Casino Indonesia | Sign Up Now
6langitqqhoki.net	list:evozifans/judolguard-blocklists	2026-09-30	13	LangitQQ - Situs Judi Online DominoQQ & Poker Online Terpercaya
8slotonline8888.com	list:evozifans/judolguard-blocklists	2026-09-30	13	8slotonline8888 - Main Game Slot Online Gacor Modern dengan Event Harian Indonesia
abutoto.com	list:evozifans/judolguard-blocklists	2026-09-30	13	ABUTOGEL â¥ Permainan Bergengsi Terpopuler Data Macau Hadir Untuk Anda
adspro1-bansoswin.com	list:evozifans/judolguard-blocklists	2026-09-30	13	BANSOSWIN : Link Login Game Online Dengan Hujan Wild Terbesar Sepanjang Sejarah
agenslot62.com	list:evozifans/judolguard-blocklists	2026-09-30	13	AGENSLOT62 GROUP Situs Terbaik dan Terpercaya No.1 Di Indonesia
alfatogel.cv	list:evozifans/judolguard-blocklists	2026-09-30	13	ALFA TOGEL | Agen Bandar Togel Casino Online Terbaik
bansoswinjaya.com	list:evozifans/judolguard-blocklists	2026-09-30	13	BANSOSWIN : Link Login Game Online Dengan Hujan Wild Terbesar Sepanjang Sejarah
1221slot.com	list:evozifans/judolguard-blocklists	2026-09-30	12	1221SLOT $ Tembak Ikan Online Tercepat Buru Ikan Besar Dan Dapatkan Emasnya
about-floripa.pages.dev	list:evozifans/judolguard-blocklists	2026-09-30	12	SLOT69 - Platform Server Gaming Ringan Slot69 Zona Cuan Maxwin
alexistogel42.com	list:evozifans/judolguard-blocklists	2026-09-30	12	ALEXISTOGEL â¨ï¸ Link Akses Situs Bandar Togel Online Penyedia Data Toto Macau 5D Terbaru
alexistogel52.com	list:evozifans/judolguard-blocklists	2026-09-30	12	ALEXISTOGEL - Main Game Togel Toto Platform Terbaru Dengan Koleksi Terlengkap
ampgoova.com	list:evozifans/judolguard-blocklists	2026-09-30	12	OVABET: Situs Judi Bola Terpercaya & Bandar Slot Online 2026
ampxhalimoke.com	list:evozifans/judolguard-blocklists	2026-09-30	12	HALIMTOTO: Link Alternatif Resmi & Akses Login Situs Terbaru
api77tergacor.shop	list:evozifans/judolguard-blocklists	2026-09-30	12	API77 | Layanan Gaming Resmi & Platform Terbaik 2026
apkjaya.org	list:evozifans/judolguard-blocklists	2026-09-30	12	APK JAYA SLOT - Platform Hiburan Game Online Terpercaya di Indonesia
aplikasibandungtototerbaruh.com	list:evozifans/judolguard-blocklists	2026-09-30	12	Aplikasi – Official
bento123-rtpwenak.click	list:evozifans/judolguard-blocklists	2026-09-30	12	RTP Bento123 > Menawarkan Winrate Kemenangan Tertinggi Dibanding Website Lain
congtogelnet-1.online	list:evozifans/judolguard-blocklists	2026-09-30	12	CONGTOGEL - Bandar Togel Online Terpercaya Pasaran Tebak Angka Populer
koitoto-bukti.com	list:evozifans/judolguard-blocklists	2026-09-30	12	KOITOTO | Pusat Resmi Situs Toto Togel Online 4D Terpercaya Hadiah Terbesar 2026
thetingthing.com	list:evozifans/judolguard-blocklists	2026-09-30	12	ALEXISTOGEL > Distrik Bandar Slot Online Gacor Dengan Winrate Tinggi Langsung JP
234togelgg4.com	list:evozifans/judolguard-blocklists	2026-09-30	11	234TOGEL: Platform Game Online Modern dengan Akses Super Cepat
234togelkfc.com	list:evozifans/judolguard-blocklists	2026-09-30	11	234TOGEL: Platform Game Online Modern dengan Akses Super Cepat
234togelpay.com	list:evozifans/judolguard-blocklists	2026-09-30	11	234TOGEL: Platform Game Online Modern dengan Akses Super Cepat
28slotbangjago.com	list:evozifans/judolguard-blocklists	2026-09-30	11	SlotBangJago - Link Login dan Register Official SlotBangJago
adsyuhu-dewi11.com	list:evozifans/judolguard-blocklists	2026-09-30	11	DEWI11 | Link Game Online Gates of Olympus Dengan Koleksi Permainan Populer
agenslt62depan.com	list:evozifans/judolguard-blocklists	2026-09-30	11	AGENSLOT62 GROUP Situs Terbaik dan Terpercaya No.1 Di Indonesia
akun-server-maxwin2.pages.dev	list:evozifans/judolguard-blocklists	2026-09-30	11	Link SERVER PRO MAHJONG International
alexiskuat.com	list:evozifans/judolguard-blocklists	2026-09-30	11	ALEXISTOGEL : Link Situs Togel Online Resmi & Bandar Toto Macau Terpercaya Paling Unggul
alexismacau5d.com	list:evozifans/judolguard-blocklists	2026-09-30	11	ALEXISTOGEL â¨ï¸ Link Akses Situs Bandar Togel Online Penyedia Data Toto Macau 5D Terbaru
ampcroffle.top	list:evozifans/judolguard-blocklists	2026-09-30	11	SlotMacau188: Daftar Situs Game Macau188 Terpercaya Gampang Menang Hari Ini
angsabakar.com	list:evozifans/judolguard-blocklists	2026-09-30	11	Akses ANGSA4D Tanpa VPN, Tanpa Ribet Pakai Link Alternatif Resmi
armyslot88-pusat.pages.dev	list:evozifans/judolguard-blocklists	2026-09-30	11	ARMYSLOT88: Agen Gaming Terbaik Saat Ini Tersedia Beragam Permainan Online Dunia Maya
bebtesgacor4.site	list:evozifans/judolguard-blocklists	2026-09-30	11	SUPER SCATTER GATES OF OLYMPUS AUTO x500 hanya di BEBTOTO
linkrtpgs99.com	list:evozifans/judolguard-blocklists	2026-09-30	11	RTP GEMOYSLOT99 HARI INI
ltdtotoseru.com	list:evozifans/judolguard-blocklists	2026-09-30	11	LTDTOTO - Peluang Kemenangan Toto Slot 90% Pasti Maxwin Dengan Link ltdputih.com
pastimenangterus.com	list:evozifans/judolguard-blocklists	2026-09-30	11	SBOTOP | Taruhan Bola, Odds Terbaik & Kasino Online
terushebatsekali.com	list:evozifans/judolguard-blocklists	2026-09-30	11	SBOTOP | Taruhan Bola, Odds Terbaik & Kasino Online
8zk.com	list:evozifans/judolguard-blocklists	2026-09-30	10	8ZK | Play & Win Real Cash|Download and Start To Win Now!
adssn-dewi11.com	list:evozifans/judolguard-blocklists	2026-09-30	10	DEWI11 : Game Online Penuh Hoki Pilihan Para Pemain Slot Online Profesional
after-max.shop	list:evozifans/judolguard-blocklists	2026-09-30	10	MAXWIN288: LINK GAME ONLINE HARI INI TERKECE PALING STABIL 2026
agenplay88-alternatif.store	list:evozifans/judolguard-blocklists	2026-09-30	10	AGENPLAY88 : AGENPLAY88 LOGIN | AGENPLAY88 DAFTAR | AGENPLAY88 LINK ALTERNATIF
ajpaq.com	list:evozifans/judolguard-blocklists	2026-09-30	10	DEWA777: Link Akses Game Gacor Online dengan Solusi Terbaik
akseshubtoto.com	list:evozifans/judolguard-blocklists	2026-09-30	10	HUBTOTO: Link Resmi Bandar TOTO Paling Aman & Terbaik
aksesmabok88.com	list:evozifans/judolguard-blocklists	2026-09-30	10	MABOK88 | Situs Toto Togel Online Resmi Pilihan Pemain Pasaran HK SGP Macau
alexistogel73.com	list:evozifans/judolguard-blocklists	2026-09-30	10	ALEXISTOGEL ⭐️ Pencetus Pertama Bandar Toto 4D Resmi Situs Togel Online Pasaran Lengkap
alexistogel78.com	list:evozifans/judolguard-blocklists	2026-09-30	10	ALEXISTOGEL ⭐️ Pencetus Pertama Bandar Toto 4D Resmi Situs Togel Online Pasaran Lengkap
allhandsondeckstl.org	list:evozifans/judolguard-blocklists	2026-09-30	10	Akun Slot Demo Zeus Pragmatic Play 1000 & PG Soft Panduan Main Terlengkap
allisonclothingshop.com	list:evozifans/judolguard-blocklists	2026-09-30	10	MAWARTOTO » Terpilih Sebagai Situs Togel dengan Sistem Fast Respon Terbaik
amp1luber-88.pages.dev	list:evozifans/judolguard-blocklists	2026-09-30	10	LUBER88: Hub Game GGSOFT & Slot88 Online Gacor Terbaru Tanpa Hambatan di Indonesia
astonbet-halo.com	list:evozifans/judolguard-blocklists	2026-09-30	10	Astonbet : Layanan Premium Gaming untuk Akses Digital Tanpa Batas
cumbrepyme.org	list:evozifans/judolguard-blocklists	2026-09-30	10	CINTATOGEL: Toto Macau Hari Ini, Keluaran Togel Macau 4D, Data Macau 2026 Prize, Pengeluaran Macau Malam Ini
reap2025.com	list:evozifans/judolguard-blocklists	2026-09-30	10	Togel Macau: Data Toto Macau, Keluaran Macau 2026, Pengeluaran Macau Hari Ini
to99.online	list:evozifans/judolguard-blocklists	2026-09-30	10	TOTO99: Bandar Penyedia Signal Toto Slot dan Jembatan Hobby Bola Mix Parlay Tersolid 2026
akunmaxwintoto12.store	list:evozifans/judolguard-blocklists	2026-09-30	9	GOOGLE REVIEW â­â­â­â­
ampimbagcr6.pro	list:evozifans/judolguard-blocklists	2026-09-30	9	IMBAGACOR: Link Game Online Terbesar Dengan Ribuan Game Terbaik
aztec88.com	list:evozifans/judolguard-blocklists	2026-09-30	9	Aztec88 Link Alternatif Resmi | Login Cepat & Akses Mudah 2026
barayatogelbadai.xyz	list:evozifans/judolguard-blocklists	2026-09-30	9	BarayaTogel Resmi 2025 - Link Login & Akses Terpercaya
barayatogeleci34.com	list:evozifans/judolguard-blocklists	2026-09-30	9	BarayaTogel Resmi 2025 - Link Login & Akses Terpercaya
barayatogelmanis.com	list:evozifans/judolguard-blocklists	2026-09-30	9	BarayaTogel Resmi 2025 - Link Login & Akses Terpercaya
bernard-crouzet.com	list:evozifans/judolguard-blocklists	2026-09-30	9	RAJABANDOT : Akses Login & Link Alternatif Terbaru Tanpa Lemot
1221slotcom-nobar-sbobet.pages.dev	list:evozifans/judolguard-blocklists	2026-09-30	8	1221SLOT | Strategi Baru Olahraga Digital Bikin Anda Sering Menang Besar
45sofabet88.com	list:evozifans/judolguard-blocklists	2026-09-30	8	SOFABET88: Pusat Hiburan Dengan Koleksi Game Online Terlengkap Di Server Indonesia
46sofabet88.com	list:evozifans/judolguard-blocklists	2026-09-30	8	SOFABET88: Pusat Hiburan Dengan Koleksi Game Online Terlengkap Di Server Indonesia
47sofabet88.com	list:evozifans/judolguard-blocklists	2026-09-30	8	SOFABET88: Pusat Hiburan Dengan Koleksi Game Online Terlengkap Di Server Indonesia
angkabet.com	list:evozifans/judolguard-blocklists	2026-09-30	8	ANGKABET: Regulasi Terkini Memilih Situs Bermain Togel dengan Fitur Transaksi Tercepat dan Terlengkap
atlasbet88king.com	list:evozifans/judolguard-blocklists	2026-09-30	8	ATLASBET88: Link Daftar Situs Togel Online & Data Result Togel Harian
azuravets.org	list:evozifans/judolguard-blocklists	2026-09-30	8	Live Draw Macau: Togel Toto Macau | Result Macau Prize | Keluaran Macau Hari Ini
batamtoto.net	list:evozifans/judolguard-blocklists	2026-09-30	8	Link Resmi Login & Daftar BATAMTOTO 2026
beautycareint.com	list:evozifans/judolguard-blocklists	2026-09-30	8	ANGKASA17: Login Akses Cepat Dan Stabil Bermain Game Online Modern
dewinalo.com	list:evozifans/judolguard-blocklists	2026-09-30	8	DEWITOGEL : Link Bandar Agen Togel Toto HK & Live Result Sgp
2bperfect.com	list:evozifans/judolguard-blocklists	2026-09-30	7	BOBATOTO x TOP1TOTO: Dunia Game Digital yang Selalu Punya Hal Baru untuk Ditemukan
nagawin.news	list:evozifans/judolguard-blocklists	2026-09-30	7	NAGAWIN : Situs Anti Blokir Untuk Bermain Game Online Favorit Kalian
photographybyknicole.com	list:evozifans/judolguard-blocklists	2026-09-30	7	ALEXISTOGEL x LUNATOGEL: Karakter Kendaraan dan Misi dalam Satu Dunia lewat arena digital dengan event mingguan yang mem
vijionshortsawards.com	list:evozifans/judolguard-blocklists	2026-09-30	7	KAISAR328 x HOKI78: Game Kekinian yang Membawa Karakter Berbeda di Setiap Pilihan
